{
    "Afghanistan": 0.5932203389830508,
    "Australia": 0.5524861878453039,
    "Bangladesh": 0.3821656050955414,
    "England": 0.5402298850574713,
    "Hong Kong": 0.35294117647058826,
    "India": 0.6714975845410628,
    "Ireland": 0.3870967741935484,
    "Kenya": 0.3,
    "Malaysia": 0.34782608695652173,
    "Nepal": 0.5185185185185185,
    "Netherlands": 0.49382716049382713,
    "New Zealand": 0.5454545454545454,
    "Pakistan": 0.6063348416289592,
    "Scotland": 0.4057971014492754,
    "South Africa": 0.5680473372781065,
    "Sri Lanka": 0.46111111111111114,
    "U.A.E.": 0.3939393939393939,
    "Uganda": 0.7368421052631579,
    "West Indies": 0.4438202247191011,
    "Zimbabwe": 0.3
}